_id,Tipo,nombreAlojamiento,Zona,Nhab,Servicios,Fechas,Valoracion,Evaluaciones,Noche,Total
6581ffbe7d4586d80596abf3,Alojamiento entero: piso,Barcelona MartaÂ´s Flat 2 - FC Barcelona HUTB017186,L'Hospitalet de Llobregat,3 huÃ©spedes Â· 2 dormitorios Â· 3 camas Â· 1 baÃ±o,Wifi Â· Cocina Â· Lavadora Â· Aire acondicionado,10 dic. â€“ 12 dic.,"4,56", (103 evaluaciones),71 â‚¬,141â‚¬ en total
6581ffbe7d4586d80596abf4,HabitaciÃ³n de hotel boutique,"HabitaciÃ³n Doble Exterior, baÃ±o privado y balcÃ³n",Eixample,2 huÃ©spedes Â· 1 dormitorio Â· 1 cama Â· 1 baÃ±o privado,Wifi Â· Aire acondicionado,17 dic. â€“ 19 dic.,"4,56", (9 evaluaciones),87 â‚¬,174â‚¬ en total
6581ffbe7d4586d80596abf5,HabitaciÃ³n privada,Luxury room with private bathroom 2,Sant Pere-Santa Caterina i la Ribera,3 huÃ©spedes Â· 1 dormitorio Â· 1 baÃ±o privado,Wifi Â· Cocina Â· Lavadora,10 dic. â€“ 12 dic.,"4,53", (15 evaluaciones),76 â‚¬,151â‚¬ en total
6581ffbe7d4586d80596abf6,HabitaciÃ³n privada,Hostal Ola Living Diagonal 11,SarriÃ -Sant Gervasi,2 huÃ©spedes Â· Estudio Â· 1 baÃ±o,Wifi Â· Aire acondicionado,3 dic. â€“ 5 dic.,"4,5", (4 evaluaciones),74 â‚¬,147â‚¬ en total
6581ffbe7d4586d80596abf7,Alojamiento entero: piso,Apartamento SAGRADA FAMILIA - free WIFI - NETFLIX,Sant Marti,5 huÃ©spedes Â· 2 dormitorios Â· 2 camas Â· 1 baÃ±o,Wifi Â· Cocina Â· Lavadora Â· Aire acondicionado,17 dic. â€“ 19 dic.,"4,23", (344 evaluaciones),110 â‚¬,220â‚¬ en total
6581ffbe7d4586d80596abf8,Alojamiento entero: loft,Estudio&terraza/mÃ¡gicas vistas,Eixample,2 huÃ©spedes Â· 1 dormitorio Â· 2 camas Â· 1 baÃ±o,Wifi Â· Cocina Â· Lavadora Â· Aire acondicionado,24 dic. â€“ 26 dic.,"4,92", (441 evaluaciones),154 â‚¬,307â‚¬ en total
6581ffbe7d4586d80596abf9,HabitaciÃ³n privada,"Casa,Coris (gata) Conxa ,Prat,playas ,Fira,centro",L'Hospitalet de Llobregat,1 huÃ©sped Â· 1 dormitorio Â· 1 cama Â· 1 baÃ±o compartido,Wifi Â· Cocina,24 dic. â€“ 26 dic.,"4,63", (156 evaluaciones),26 â‚¬,52â‚¬ en total
6581ffbe7d4586d80596abfa,HabitaciÃ³n privada,Beautiful Room in GRAN VÃA next Pl. EspaÃ±a,La Font de la Guatlla,2 huÃ©spedes Â· 1 dormitorio Â· 1 cama Â· 1 baÃ±o privado,Wifi Â· Cocina Â· Aire acondicionado,3 dic. â€“ 5 dic.,"4,83", (133 evaluaciones),64 â‚¬,128â‚¬ en total
6581ffbe7d4586d80596abfb,HabitaciÃ³n privada,"El Faro, habitacion privada 2",Distrito de Horta-GuinardÃ³,2 huÃ©spedes Â· 1 dormitorio Â· 2 camas Â· 1 baÃ±o compartido,Wifi Â· Cocina Â· Lavadora,31 dic. â€“ 2 ene.,"4,48", (86 evaluaciones),38 â‚¬,76â‚¬ en total
6581ffbe7d4586d80596abfc,Alojamiento entero: piso,Tranquilo apartamento zona de moda y cerca centro,El Poble Sec,2 huÃ©spedes Â· 1 dormitorio Â· 1 cama Â· 1 baÃ±o,Wifi Â· Cocina Â· Lavadora Â· Aire acondicionado,17 dic. â€“ 19 dic.,"4,73", (213 evaluaciones),98 â‚¬,195â‚¬ en total
6581ffbe7d4586d80596abfd,HabitaciÃ³n privada,HABITACIÃ“N CERCA A SAGRADA FAMILIA Y PLAYA,El Fort Pienc,2 huÃ©spedes Â· 1 dormitorio Â· 1 cama Â· 1 baÃ±o compartido,Wifi Â· Cocina Â· Lavadora,24 dic. â€“ 26 dic.,"4,51", (37 evaluaciones),59 â‚¬,118â‚¬ en total
6581ffbe7d4586d80596abfe,Alojamiento entero: piso,E-1 Â· E-1 Â· Apartamento cÃ©ntrico,Eixample,4 huÃ©spedes Â· 2 dormitorios Â· 2 camas Â· 1 baÃ±o,Wifi Â· Cocina Â· Lavadora Â· Aire acondicionado,10 dic. â€“ 12 dic.,"4,45", (11 evaluaciones),115 â‚¬,230â‚¬ en total
6581ffbe7d4586d80596abff,Alojamiento entero: piso,5-2 Â· Apartamento cÃ©ntrico en Barcelona,Eixample,4 huÃ©spedes Â· 1 dormitorio Â· 1 cama Â· 1 baÃ±o,Wifi Â· Cocina Â· Lavadora Â· Aire acondicionado,3 dic. â€“ 5 dic.,"4,63", (16 evaluaciones),127 â‚¬,254â‚¬ en total
6581ffbe7d4586d80596ac00,HabitaciÃ³n privada,Habitacion-1,Ciutat Vella,2 huÃ©spedes Â· 1 dormitorio Â· 1 cama Â· 1 baÃ±o compartido,Wifi Â· Cocina,3 dic. â€“ 5 dic.,"4,73", (127 evaluaciones),51 â‚¬,101â‚¬ en total
6581ffbe7d4586d80596ac01,HabitaciÃ³n privada,Sagrada Familia Apartment + Rooftoph,La Sagrada Familia,2 huÃ©spedes Â· 1 dormitorio Â· 1 cama Â· 1 baÃ±o,Wifi Â· Cocina Â· Lavadora,3 dic. â€“ 5 dic.,"4,14", (69 evaluaciones),51 â‚¬,101â‚¬ en total
6581ffbe7d4586d80596ac02,HabitaciÃ³n privada,æ­¥è¡Œ2åˆ†é’Ÿåˆ°åœ£å®¶å ‚çš„å®¶åº­æ°‘å®¿,La Sagrada Familia,2 huÃ©spedes Â· 1 dormitorio Â· 1 cama Â· 1 baÃ±o compartido,Wifi Â· Lavadora,24 dic. â€“ 26 dic.,"4,55", (40 evaluaciones),38 â‚¬,75â‚¬ en total
6581ffbe7d4586d80596ac03,HabitaciÃ³n privada,Bonita habitaciÃ³n en casa en Barcelona,GrÃ cia,"2 huÃ©spedes Â· 1 dormitorio Â· 1 cama Â· 2,5 baÃ±os compartidos",Wifi Â· Lavadora,17 dic. â€“ 19 dic.,"4,79", (28 evaluaciones),42 â‚¬,83â‚¬ en total
6581ffbe7d4586d80596ac04,HabitaciÃ³n privada,Preciosa habitaciÃ³n con un balcÃ³n,El Poble Sec,2 huÃ©spedes Â· 1 dormitorio Â· 1 cama Â· 1 baÃ±o compartido,Wifi Â· Cocina Â· Lavadora,19 nov. â€“ 21 nov.,"4,83", (79 evaluaciones),64 â‚¬,127â‚¬ en total
6581ffbe7d4586d80596ac05,HabitaciÃ³n de hotel boutique,"Hostal Khronos, Twin Ecomony",Eixample,2 huÃ©spedes Â· 1 dormitorio Â· 2 camas Â· 1 baÃ±o privado,Wifi Â· Aire acondicionado,10 dic. â€“ 12 dic.,"4,75", (4 evaluaciones),72 â‚¬,144â‚¬ en total
6581ffbe7d4586d80596ac06,HabitaciÃ³n privada,"El Faro, habitacion privada 3",Distrito de Horta-GuinardÃ³,2 huÃ©spedes Â· 1 dormitorio Â· 1 cama Â· 1 baÃ±o compartido,Wifi Â· Cocina Â· Lavadora,24 dic. â€“ 26 dic.,"4,57", (67 evaluaciones),31 â‚¬,62â‚¬ en total
6581ffbe7d4586d80596ac07,HabitaciÃ³n de hotel boutique,Urban Boutique Room 4,L'Hospitalet de Llobregat,2 huÃ©spedes Â· 1 dormitorio Â· 1 cama Â· 1 baÃ±o privado,Wifi Â· Aire acondicionado,10 dic. â€“ 12 dic.,"4,54", (13 evaluaciones),46 â‚¬,92â‚¬ en total
6581ffbe7d4586d80596ac08,HabitaciÃ³n privada,Beautiful Bedroom Barcelona City Center,Sant Pere-Santa Caterina i la Ribera,2 huÃ©spedes Â· 1 dormitorio Â· 1 cama Â· 1 baÃ±o compartido,Wifi Â· Cocina Â· Lavadora,24 dic. â€“ 26 dic.,"4,84", (108 evaluaciones),66 â‚¬,131â‚¬ en total
6581ffbe7d4586d80596ac09,HabitaciÃ³n de hotel,Double Eco-room (Double eco-room with private bathroom),Distrito de Sants-MontjuÃ¯c,2 huÃ©spedes Â· 1 dormitorio Â· 1 cama Â· 1 baÃ±o,Wifi Â· Aire acondicionado,17 dic. â€“ 19 dic.,"4,61", (166 evaluaciones),58 â‚¬,116â‚¬ en total
6581ffbe7d4586d80596ac0a,HabitaciÃ³n privada,Fantastica HabitaciÃ³n #3 a 1 min del Arc de Triomf,Eixample,"2 huÃ©spedes Â· 1 dormitorio Â· 1 cama Â· 1,5 baÃ±os compartidos",Wifi Â· Cocina,3 dic. â€“ 5 dic.,"4,75", (189 evaluaciones),63 â‚¬,125â‚¬ en total
6581ffbe7d4586d80596ac0b,HabitaciÃ³n privada,Tu casa Fuera de Casa con desayuno,Sant AdriÃ  de BesÃ²s,2 huÃ©spedes Â· 1 dormitorio Â· 1 cama Â· 1 baÃ±o compartido,Wifi Â· Cocina Â· Lavadora Â· Aire acondicionado,10 dic. â€“ 12 dic.,"4,96", (138 evaluaciones),30 â‚¬,59â‚¬ en total
6581ffbe7d4586d80596ac0c,Alojamiento entero: piso,Sagrada Familia charming,La Sagrada Familia,8 huÃ©spedes Â· 3 dormitorios Â· 5 camas Â· 2 baÃ±os,Wifi Â· Cocina Â· Lavadora Â· Aire acondicionado,10 dic. â€“ 12 dic.,"4,82", (377 evaluaciones),165 â‚¬,329â‚¬ en total
6581ffbe7d4586d80596ac0d,HabitaciÃ³n privada,The Room in BCN,Distrito de Sants-MontjuÃ¯c,2 huÃ©spedes Â· 1 dormitorio Â· 1 cama Â· 1 baÃ±o compartido,Wifi Â· Cocina Â· Lavadora,10 dic. â€“ 12 dic.,"4,86", (167 evaluaciones),56 â‚¬,112â‚¬ en total
6581ffbe7d4586d80596ac0e,HabitaciÃ³n privada,Bowindow Room in Catalan Modernist Apartment,Eixample,"2 huÃ©spedes Â· 4 dormitorios Â· 3 camas Â· 1,5 baÃ±os compartidos",Wifi Â· Cocina Â· Lavadora,17 dic. â€“ 19 dic.,NA,No hay evaluaciones,62 â‚¬,123â‚¬ en total
6581ffbe7d4586d80596ac0f,Alojamiento entero: piso,"InBarcelonaSuites, Paseo de Gracia, 4 guests.",GrÃ cia,4 huÃ©spedes Â· 1 dormitorio Â· 2 camas Â· 1 baÃ±o,Wifi Â· Cocina Â· Lavadora Â· Aire acondicionado,10 dic. â€“ 12 dic.,"4,85", (225 evaluaciones),136 â‚¬,272â‚¬ en total
6581ffbe7d4586d80596ac10,Alojamiento entero: piso,A3 Passeig de GrÃ cia & Apartment Enjoy it Forever,Eixample,2 huÃ©spedes Â· 1 dormitorio Â· 1 cama Â· 1 baÃ±o,Wifi Â· Cocina Â· Lavadora Â· Aire acondicionado,26 nov. â€“ 28 nov.,"4,13", (8 evaluaciones),107 â‚¬,213â‚¬ en total
6581ffbe7d4586d80596ac11,HabitaciÃ³n privada,HabitaciÃ³n en piso con una bonita terraza,Pubilla Cases,"2 huÃ©spedes Â· 1 dormitorio Â· 1 cama Â· 1,5 baÃ±os compartidos",Wifi Â· Cocina Â· Lavadora,26 nov. â€“ 28 nov.,NA,No hay evaluaciones,35 â‚¬,70â‚¬ en total
6581ffbe7d4586d80596ac12,HabitaciÃ³n privada,Ciutadella-vila olimpica beach 1,Sant Marti,2 huÃ©spedes Â· 1 dormitorio Â· 1 cama Â· 2 baÃ±os compartidos,Wifi Â· Cocina Â· Aire acondicionado,31 dic. â€“ 2 ene.,"4,59", (194 evaluaciones),53 â‚¬,106â‚¬ en total
6581ffbe7d4586d80596ac13,Alojamiento entero: piso,1-1 Â· Apartamento a 10 minutos de la Sagrada Familia,Eixample,2 huÃ©spedes Â· 2 dormitorios Â· 2 camas Â· 1 baÃ±o,Wifi Â· Cocina Â· Lavadora Â· Aire acondicionado,17 dic. â€“ 19 dic.,"4,87", (15 evaluaciones),112 â‚¬,224â‚¬ en total
6581ffbe7d4586d80596ac14,HabitaciÃ³n privada,Amplia habitaciÃ³n con terraza y baÃ±o privado,Eixample,2 huÃ©spedes Â· 1 dormitorio Â· 1 cama Â· 1 baÃ±o privado,Wifi Â· Lavadora,3 dic. â€“ 5 dic.,"4,88", (113 evaluaciones),86 â‚¬,171â‚¬ en total
6581ffbe7d4586d80596ac15,Alojamiento entero: piso,IncreÃ­ble piso de 4BR FUENTES DE MONTJUIC !!!,El Poble Sec,6 huÃ©spedes Â· 4 dormitorios Â· 6 camas Â· 2 baÃ±os,Wifi Â· Cocina Â· Lavadora Â· Aire acondicionado,10 dic. â€“ 12 dic.,"4,48", (25 evaluaciones),146 â‚¬,292â‚¬ en total
6581ffbe7d4586d80596ac16,HabitaciÃ³n privada,"Private Lounge, bathroom & bedroom",L'Antiga Esquerra de l'Eixample,4 huÃ©spedes Â· 1 dormitorio Â· 1 cama Â· 1 baÃ±o privado,Wifi Â· Cocina Â· Lavadora,10 dic. â€“ 12 dic.,"4,84", (228 evaluaciones),84 â‚¬,167â‚¬ en total
6581ffbe7d4586d80596ac17,HabitaciÃ³n privada,2 bed in single room Near Sagrada Familia,Distrito de Horta-GuinardÃ³,"2 huÃ©spedes Â· 1 dormitorio Â· 1 cama Â· 1,5 baÃ±os compartidos",Wifi Â· Cocina Â· Lavadora Â· Aire acondicionado,31 dic. â€“ 2 ene.,"4,57", (7 evaluaciones),56 â‚¬,111â‚¬ en total
6581ffbe7d4586d80596ac18,Alojamiento entero: piso,Bright and roomy flat city center,El Fort Pienc,"6 huÃ©spedes Â· 4 dormitorios Â· 4 camas Â· 1,5 baÃ±os",Wifi Â· Cocina Â· Lavadora Â· Aire acondicionado,10 dic. â€“ 12 dic.,"4,56", (284 evaluaciones),95 â‚¬,190â‚¬ en total
6581ffbe7d4586d80596ac19,Alojamiento entero: piso,Attic with terrace,Hostafrangs,4 huÃ©spedes Â· 2 dormitorios Â· 3 camas Â· 2 baÃ±os,Wifi Â· Cocina Â· Lavadora Â· Aire acondicionado,10 dic. â€“ 12 dic.,"4,82", (400 evaluaciones),127 â‚¬,253â‚¬ en total
6581ffbe7d4586d80596ac1a,Alojamiento entero: piso,ÃTICO CON TERRAZA PRIVADA PLAZA ESPAÃ‘A,Hostafrangs,2 huÃ©spedes Â· 1 dormitorio Â· 1 cama Â· 1 baÃ±o,Wifi Â· Cocina Â· Lavadora Â· Aire acondicionado,10 dic. â€“ 12 dic.,"4,79", (263 evaluaciones),111 â‚¬,222â‚¬ en total
6581ffbe7d4586d80596ac1b,HabitaciÃ³n privada,HAB PRIVADA,Ciutat Vella,"2 huÃ©spedes Â· 3 dormitorios Â· 1 cama Â· 1,5 baÃ±os compartidos",Wifi Â· Aire acondicionado,24 dic. â€“ 26 dic.,"4,52", (48 evaluaciones),45 â‚¬,90â‚¬ en total
6581ffbe7d4586d80596ac1c,HabitaciÃ³n privada,Cosy & Warm single bed near (100 m) FCB stadium,Les Corts,1 huÃ©sped Â· Estudio Â· 1 cama Â· 1 baÃ±o compartido,Wifi Â· Cocina Â· Lavadora,17 dic. â€“ 19 dic.,"4,56", (10 evaluaciones),32 â‚¬,64â‚¬ en total
6581ffbe7d4586d80596ac1d,HabitaciÃ³n privada,Large room with private bathroom and balcony a,Ciutat Vella,4 huÃ©spedes Â· 1 dormitorio Â· 4 camas Â· 1 baÃ±o compartido,17 dic. â€“ 19 dic.,"4,75",NA,No hay evaluaciones,70 â‚¬,139â‚¬ en total
6581ffbe7d4586d80596ac1e,Alojamiento entero: piso,Cozy small Apartment,Eixample,3 huÃ©spedes Â· 2 dormitorios Â· 2 camas Â· 1 baÃ±o,Tu anfitriÃ³n es una empresa Â· Wifi Â· Cocina Â· Lavadora,17 dic. â€“ 19 dic.,"4,18", (28 evaluaciones),133 â‚¬,266â‚¬ en total
6581ffbe7d4586d80596ac1f,HabitaciÃ³n privada,KIDS PARADISE WITH A HUGE SUNNY TERRACE IN SANTS,Distrito de Sants-MontjuÃ¯c,2 huÃ©spedes Â· 1 dormitorio Â· 1 cama Â· 1 baÃ±o compartido,Wifi Â· Cocina Â· Lavadora Â· Aire acondicionado,17 dic. â€“ 19 dic.,"4,87", (163 evaluaciones),53 â‚¬,106â‚¬ en total
6581ffbe7d4586d80596ac20,Alojamiento entero: apartamento,ğŸ’Ÿ BCN Premium Paseo de Gracia: Your Apt & TerraceğŸ§˜â€â™€ï¸,complejo residencial,7 huÃ©spedes Â· 3 dormitorios Â· 5 camas Â· 2 baÃ±os,Wifi Â· Cocina Â· Lavadora Â· Aire acondicionado,17 dic. â€“ 19 dic.,"4,51", (259 evaluaciones),148 â‚¬,296â‚¬ en total
6581ffbe7d4586d80596ac21,Alojamiento entero: piso,Bonito piso al lado parque Guell1,GrÃ cia,4 huÃ©spedes Â· Estudio Â· 2 camas Â· 1 baÃ±o,Wifi Â· Cocina Â· Lavadora Â· Aire acondicionado,10 dic. â€“ 12 dic.,"4,42", (245 evaluaciones),81 â‚¬,161â‚¬ en total
6581ffbe7d4586d80596ac22,Alojamiento entero: piso,3-4 Â· Acogedor apartamento en Barcelona,Eixample,3 huÃ©spedes Â· 2 dormitorios Â· 2 camas Â· 1 baÃ±o,Wifi Â· Cocina Â· Lavadora Â· Aire acondicionado,17 dic. â€“ 19 dic.,"4,77", (13 evaluaciones),126 â‚¬,251â‚¬ en total
6581ffbe7d4586d80596ac23,Alojamiento entero: piso,CÃ³modo y econÃ³mico piso muy cerca del GÃ³tico,El Poble Sec,4 huÃ©spedes Â· 2 dormitorios Â· 3 camas Â· 1 baÃ±o,Wifi Â· Cocina Â· Lavadora Â· Aire acondicionado,17 dic. â€“ 19 dic.,"4,58", (257 evaluaciones),108 â‚¬,216â‚¬ en total
6581ffbe7d4586d80596ac24,Alojamiento entero: piso,Apartamento soleado cerca de Ramblas Wifi *Bcn*,Eixample,6 huÃ©spedes Â· 2 dormitorios Â· 3 camas Â· 1 baÃ±o,Tu anfitriÃ³n es una empresa Â· Wifi Â· Cocina Â· Lavadora,17 dic. â€“ 19 dic.,"4,15", (66 evaluaciones),118 â‚¬,235â‚¬ en total
6581ffbe7d4586d80596ac25,HabitaciÃ³n privada,CÃ³moda habitaciÃ³n doble en casa antigua,GrÃ cia,"2 huÃ©spedes Â· 1 dormitorio Â· 1 cama Â· 2,5 baÃ±os compartidos",Wifi Â· Lavadora,3 dic. â€“ 5 dic.,"4,8", (54 evaluaciones),45 â‚¬,89â‚¬ en total
6581ffbe7d4586d80596ac26,HabitaciÃ³n privada,HabitaciÃ³n privada en el gÃ³tico,Ciutat Vella,"2 huÃ©spedes Â· 1 dormitorio Â· 2 camas Â· 1,5 baÃ±os",Wifi Â· Cocina Â· Lavadora,10 dic. â€“ 12 dic.,"4,94", (32 evaluaciones),53 â‚¬,105â‚¬ en total
6581ffbe7d4586d80596ac27,HabitaciÃ³n privada,2. Room in the city center near Sagrada Familia.,El Fort Pienc,2 huÃ©spedes Â· 1 dormitorio Â· 1 cama Â· 1 baÃ±o compartido,Wifi Â· Cocina Â· Lavadora,26 nov. â€“ 28 nov.,"4,43", (58 evaluaciones),52 â‚¬,104â‚¬ en total
6581ffbe7d4586d80596ac28,HabitaciÃ³n privada,Chilling Center,L'Antiga Esquerra de l'Eixample,1 huÃ©sped Â· 1 dormitorio Â· 1 cama Â· 1 baÃ±o compartido,Wifi Â· Aire acondicionado,26 nov. â€“ 28 nov.,"4,57", (7 evaluaciones),57 â‚¬,114â‚¬ en total
6581ffbe7d4586d80596ac29,HabitaciÃ³n privada,tranquila y confortable habitaciÃ³n SAGRADA FAMILIA,La Sagrada Familia,2 huÃ©spedes Â· 1 dormitorio Â· 1 cama Â· 1 baÃ±o compartido,Wifi Â· Cocina Â· Lavadora,3 dic. â€“ 5 dic.,"4,59", (34 evaluaciones),57 â‚¬,114â‚¬ en total
6581ffbe7d4586d80596ac2a,Alojamiento entero: piso,OLA LIVING BORN 10 ATTIC,Sant Pere-Santa Caterina i la Ribera,2 huÃ©spedes Â· Estudio Â· 1 cama Â· 1 baÃ±o,Wifi Â· Cocina Â· Aire acondicionado,26 nov. â€“ 28 nov.,4, (7 evaluaciones),102 â‚¬,203â‚¬ en total
6581ffbe7d4586d80596ac2b,HabitaciÃ³n privada,HabitaciÃ³n doble en Sagrada Familia,La Sagrada Familia,2 huÃ©spedes Â· 1 dormitorio Â· 1 cama Â· 1 baÃ±o compartido,Wifi,31 dic. â€“ 2 ene.,"4,25", (460 evaluaciones),48 â‚¬,95â‚¬ en total
6581ffbe7d4586d80596ac2c,HabitaciÃ³n de hostal,"HabitaciÃ³n Doble Superior, BaÃ±o Privado",Eixample,2 huÃ©spedes Â· 1 dormitorio Â· 2 camas Â· 1 baÃ±o privado,Wifi Â· Aire acondicionado,17 dic. â€“ 19 dic.,5, (4 evaluaciones),61 â‚¬,122â‚¬ en total
6581ffbe7d4586d80596ac2d,Alojamiento entero: piso,Poblenou-New York,Sant Marti,"2 huÃ©spedes Â· 1 dormitorio Â· 1 cama Â· 1,5 baÃ±os",Wifi Â· Cocina Â· Lavadora Â· Aire acondicionado,24 dic. â€“ 26 dic.,"4,93", (41 evaluaciones),130 â‚¬,260â‚¬ en total
6581ffbe7d4586d80596ac2e,HabitaciÃ³n privada,Hostal Ola Living Diagonal 10 Individual,SarriÃ -Sant Gervasi,1 huÃ©sped Â· Estudio Â· 1 baÃ±o,Wifi Â· Aire acondicionado,17 dic. â€“ 19 dic.,"4,33", (6 evaluaciones),65 â‚¬,129â‚¬ en total
6581ffbe7d4586d80596ac2f,Alojamiento entero: piso,M3- Basic Apartment & connected Airport and Center,L'Hospitalet de Llobregat,2 huÃ©spedes Â· 1 dormitorio Â· 1 cama Â· 1 baÃ±o,Wifi Â· Aire acondicionado,26 nov. â€“ 28 nov.,NA,No hay evaluaciones,59 â‚¬,117â‚¬ en total
6581ffbe7d4586d80596ac30,Apartamento con servicios entero,"APARTAMENTO ALL NEW, CAMP NOU. CASA BATITO 6",L'Hospitalet de Llobregat,4 huÃ©spedes Â· 1 dormitorio Â· 1 baÃ±o,Wifi Â· Cocina Â· Aire acondicionado,10 dic. â€“ 12 dic.,"4,78", (9 evaluaciones),90 â‚¬,180â‚¬ en total
6581ffbe7d4586d80596ac31,HabitaciÃ³n privada,HabitaciÃ³n Confortable,L'Hospitalet de Llobregat,1 huÃ©sped Â· 1 dormitorio Â· 1 cama Â· 1 baÃ±o compartido,Wifi Â· Cocina Â· Lavadora,31 dic. â€“ 2 ene.,5, (10 evaluaciones),30 â‚¬,59â‚¬ en total
6581ffbe7d4586d80596ac32,Alojamiento entero: piso,OZONE DISINFECTED design apartment in the center,El Poble Sec,3 huÃ©spedes Â· 1 dormitorio Â· 1 cama Â· 1 baÃ±o,Wifi Â· Cocina Â· Lavadora Â· Aire acondicionado,17 dic. â€“ 19 dic.,"4,84", (75 evaluaciones),107 â‚¬,214â‚¬ en total
6581ffbe7d4586d80596ac33,Alojamiento entero: loft,Centric studio de Born,Ciutat Vella,"3 huÃ©spedes Â· 1 dormitorio Â· 3 camas Â· 1,5 baÃ±os",Wifi Â· Cocina Â· Lavadora Â· Aire acondicionado,10 dic. â€“ 12 dic.,"4,2", (10 evaluaciones),90 â‚¬,180â‚¬ en total
6581ffbe7d4586d80596ac34,Apartamento con servicios entero,Luminoso Loft en Sagrada Familia!,La Sagrada Familia,2 huÃ©spedes Â· 1 dormitorio Â· 1 cama Â· 1 baÃ±o,Wifi Â· Cocina Â· Aire acondicionado,17 dic. â€“ 19 dic.,"4,68", (208 evaluaciones),93 â‚¬,186â‚¬ en total
6581ffbe7d4586d80596ac35,HabitaciÃ³n privada,Cozy nice room en Plaza EspaÃ±a,Hostafrangs,"2 huÃ©spedes Â· 1 dormitorio Â· 1 cama Â· 1,5 baÃ±os compartidos",Wifi Â· Cocina,10 dic. â€“ 12 dic.,"4,6", (25 evaluaciones),52 â‚¬,103â‚¬ en total
6581ffbe7d4586d80596ac36,Alojamiento entero: piso,Beautiful apartment sagrada familia/parque gÃ¼ell,GrÃ cia,4 huÃ©spedes Â· 2 dormitorios Â· 3 camas Â· 1 baÃ±o,Wifi Â· Cocina Â· Lavadora Â· Aire acondicionado,10 dic. â€“ 12 dic.,NA,No hay evaluaciones,113 â‚¬,225â‚¬ en total
6581ffbe7d4586d80596ac37,Alojamiento entero: piso,My Address in Plaza Real views,Ciutat Vella,4 huÃ©spedes Â· 2 dormitorios Â· 4 camas Â· 1 baÃ±o,Tu anfitriÃ³n es una empresa Â· Wifi Â· Aire acondicionado,10 dic. â€“ 12 dic.,"4,42", (38 evaluaciones),175 â‚¬,350â‚¬ en total
6581ffbe7d4586d80596ac38,Alojamiento entero: apartamento,Apartamento moderno cerca de la playa,complejo residencial,4 huÃ©spedes Â· 1 dormitorio Â· 2 camas Â· 1 baÃ±o,Wifi Â· Cocina Â· Lavadora Â· Aire acondicionado,10 dic. â€“ 12 dic.,"4,88", (335 evaluaciones),135 â‚¬,270â‚¬ en total
6581ffbe7d4586d80596ac39,HabitaciÃ³n privada,Sunny Double Room close to Sagrada Familia,El Fort Pienc,2 huÃ©spedes Â· 1 dormitorio Â· 1 cama Â· 1 baÃ±o compartido,Wifi Â· Cocina Â· Lavadora,10 dic. â€“ 12 dic.,5, (3 evaluaciones),56 â‚¬,111â‚¬ en total
6581ffbe7d4586d80596ac3a,HabitaciÃ³n privada,Gorgeous 30 sqm Suite in the heart of Barcelona,Ciutat Vella,4 huÃ©spedes Â· 1 dormitorio Â· 2 camas Â· 1 baÃ±o privado,Wifi Â· Cocina,10 dic. â€“ 12 dic.,"4,71", (14 evaluaciones),78 â‚¬,156â‚¬ en total
6581ffbe7d4586d80596ac3b,Alojamiento entero: piso,Acogedor estudio en el centro del Born,Sant Pere-Santa Caterina i la Ribera,3 huÃ©spedes Â· Estudio Â· 1 baÃ±o,Wifi Â· Cocina Â· Aire acondicionado,3 dic. â€“ 5 dic.,"4,39", (155 evaluaciones),116 â‚¬,232â‚¬ en total
6581ffbe7d4586d80596ac3c,Apartamento con servicios entero,The Sagrada Familia Apartment,La Sagrada Familia,3 huÃ©spedes Â· 1 dormitorio Â· 1 cama Â· 1 baÃ±o,Wifi Â· Cocina Â· Lavadora Â· Aire acondicionado,10 dic. â€“ 12 dic.,"4,53", (80 evaluaciones),107 â‚¬,214â‚¬ en total
6581ffbe7d4586d80596ac3d,Alojamiento entero: piso,â˜… CASA MIRO by Cocoon Barcelona,Eixample,4 huÃ©spedes Â· 1 dormitorio Â· 2 camas Â· 1 baÃ±o,Wifi Â· Cocina Â· Lavadora Â· Aire acondicionado,24 dic. â€“ 26 dic.,"4,76", (41 evaluaciones),142 â‚¬,284â‚¬ en total
6581ffbe7d4586d80596ac3e,Apartamento con servicios entero,Palmer I . Acogedor y confortable !,Pubilla Cases,2 huÃ©spedes Â· 1 dormitorio Â· 2 camas Â· 1 baÃ±o,Wifi Â· Cocina Â· Lavadora Â· Aire acondicionado,17 dic. â€“ 19 dic.,"4,77", (13 evaluaciones),92 â‚¬,183â‚¬ en total
6581ffbe7d4586d80596ac3f,HabitaciÃ³n privada,Sunny room for 2 persons near Park Guell Barcelona,El Carmel,2 huÃ©spedes Â· 1 dormitorio Â· 1 cama Â· 1 baÃ±o compartido,Wifi Â· Cocina Â· Lavadora,26 nov. â€“ 28 nov.,"4,38", (119 evaluaciones),36 â‚¬,71â‚¬ en total
6581ffbe7d4586d80596ac40,HabitaciÃ³n privada,Room in the center of Barcelona 2,Ciutat Vella,2 huÃ©spedes Â· 1 dormitorio Â· 1 cama Â· 1 baÃ±o compartido,Wifi,10 dic. â€“ 12 dic.,"4,39", (54 evaluaciones),49 â‚¬,98â‚¬ en total
6581ffbe7d4586d80596ac41,HabitaciÃ³n privada,Villa Gil,El Fort Pienc,2 huÃ©spedes Â· 1 dormitorio Â· 1 cama Â· 1 baÃ±o compartido,Wifi,3 dic. â€“ 5 dic.,"4,32", (28 evaluaciones),51 â‚¬,102â‚¬ en total
6581ffbe7d4586d80596ac42,HabitaciÃ³n privada,Marina Room close to downtown,El Poble Sec,2 huÃ©spedes Â· 1 dormitorio Â· 1 cama Â· 1 baÃ±o compartido,Wifi,31 dic. â€“ 2 ene.,"4,65", (54 evaluaciones),53 â‚¬,106â‚¬ en total
6581ffbe7d4586d80596ac43,Alojamiento entero: piso,Tallers Ãngels,Ciutat Vella,2 huÃ©spedes Â· 1 dormitorio Â· 1 cama Â· 1 baÃ±o,Wifi Â· Cocina Â· Lavadora Â· Aire acondicionado,10 dic. â€“ 12 dic.,"4,6", (5 evaluaciones),136 â‚¬,272â‚¬ en total
6581ffbe7d4586d80596ac44,Alojamiento entero: loft,"Luxury loft new and fully furnished, top amenities",El Carmel,"4 huÃ©spedes Â· 1 dormitorio Â· 3 camas Â· 1,5 baÃ±os",Wifi Â· Cocina Â· Lavadora Â· Aire acondicionado,17 dic. â€“ 19 dic.,5, (6 evaluaciones),105 â‚¬,209â‚¬ en total
6581ffbe7d4586d80596ac45,HabitaciÃ³n privada,Lovely double room heart Barcelona,Ciutat Vella,2 huÃ©spedes Â· 1 dormitorio Â· 1 cama Â· 1 baÃ±o compartido,Wifi Â· Cocina Â· Lavadora,10 dic. â€“ 12 dic.,"4,41", (142 evaluaciones),73 â‚¬,145â‚¬ en total
6581ffbe7d4586d80596ac46,HabitaciÃ³n de hotel boutique,Comfort Double Room City View,Eixample,2 huÃ©spedes Â· 1 dormitorio Â· 1 cama Â· 1 baÃ±o,Wifi Â· Aire acondicionado,24 dic. â€“ 26 dic.,"4,7", (10 evaluaciones),87 â‚¬,173â‚¬ en total
6581ffbe7d4586d80596ac47,HabitaciÃ³n privada,HabitaciÃ³n EconÃ³mica Aeropuerto Barcelona 24horas,El Prat de Llobregat,1 huÃ©sped Â· 1 dormitorio Â· 1 cama Â· 1 baÃ±o compartido,Wifi Â· Cocina Â· Lavadora Â· Aire acondicionado,10 dic. â€“ 12 dic.,"4,86", (35 evaluaciones),28 â‚¬,56â‚¬ en total
6581ffbe7d4586d80596ac48,Apartamento con servicios entero,CÃ³modos apartamentos cerca de Las Ramblas,Eixample,6 huÃ©spedes Â· 2 dormitorios Â· 4 camas Â· 2 baÃ±os,Wifi Â· Cocina Â· Lavadora Â· Aire acondicionado,17 dic. â€“ 19 dic.,"4,65", (23 evaluaciones),165 â‚¬,330â‚¬ en total
6581ffbe7d4586d80596ac49,HabitaciÃ³n privada,"Alquilo habitaciÃ³n para chica, cÃ³moda, con wifi",L'Hospitalet de Llobregat,1 huÃ©sped Â· 1 dormitorio Â· 1 cama Â· Aseo compartido,Wifi Â· Aire acondicionado,19 nov. â€“ 21 nov.,"4,69", (81 evaluaciones),23 â‚¬,45â‚¬ en total
6581ffbe7d4586d80596ac4a,HabitaciÃ³n privada,Private room in Gracia,GrÃ cia,1 huÃ©sped Â· 3 dormitorios Â· 1 baÃ±o compartido,Wifi Â· Cocina Â· Lavadora,31 dic. â€“ 2 ene.,NA,No hay evaluaciones,28 â‚¬,55â‚¬ en total
6581ffbe7d4586d80596ac4b,HabitaciÃ³n privada,Amazing room in plaza EspaÃ±a,Hostafrangs,"2 huÃ©spedes Â· 1 dormitorio Â· 1 cama Â· 1,5 baÃ±os compartidos",Wifi Â· Cocina Â· Aire acondicionado,24 dic. â€“ 26 dic.,5, (6 evaluaciones),59 â‚¬,118â‚¬ en total
6581ffbe7d4586d80596ac4c,Alojamiento entero: piso,3-3 Â· Apartamento cÃ©ntrico para 3 personas,Eixample,3 huÃ©spedes Â· 2 dormitorios Â· 2 camas Â· 1 baÃ±o,Wifi Â· Cocina Â· Lavadora Â· Aire acondicionado,17 dic. â€“ 19 dic.,"3,9", (10 evaluaciones),117 â‚¬,234â‚¬ en total
6581ffbe7d4586d80596ac4d,HabitaciÃ³n privada,Cuarto Doble con BaÃ±o privado. CalefacciÃ³n.,Ciutat Vella,2 huÃ©spedes Â· 1 dormitorio Â· 1 cama Â· 1 baÃ±o privado,Wifi Â· Aire acondicionado,3 dic. â€“ 5 dic.,"4,8", (158 evaluaciones),79 â‚¬,158â‚¬ en total
6581ffbe7d4586d80596ac4e,HabitaciÃ³n privada,â¤ Nice and cozy Bedroom ğŸ¨ Picasso Room,La Sagrada Familia,2 huÃ©spedes Â· 1 dormitorio Â· 1 cama Â· 1 baÃ±o compartido,Wifi Â· Cocina Â· Lavadora,17 dic. â€“ 19 dic.,"4,91", (11 evaluaciones),45 â‚¬,90â‚¬ en total
6581ffbe7d4586d80596ac4f,Alojamiento entero: piso,Lovely &Cozy Flat 9 min walk from Sagrada Familia,El Fort Pienc,2 huÃ©spedes Â· 1 dormitorio Â· 2 camas Â· 1 baÃ±o,Wifi Â· Cocina Â· Lavadora Â· Aire acondicionado,17 dic. â€“ 19 dic.,"4,58", (258 evaluaciones),122 â‚¬,243â‚¬ en total
6581ffbe7d4586d80596ac50,HabitaciÃ³n privada,Room close to Las Ramblas E3,Ciutat Vella,3 huÃ©spedes Â· 1 dormitorio Â· 3 camas Â· 1 baÃ±o compartido,Wifi Â· Cocina Â· Aire acondicionado,17 dic. â€“ 19 dic.,"4,27", (15 evaluaciones),58 â‚¬,116â‚¬ en total
6581ffbe7d4586d80596ac51,HabitaciÃ³n de hotel,"HabitaciÃ³n Twin, en el corazÃ³n de Barcelona",Ciutat Vella,2 huÃ©spedes Â· 1 dormitorio Â· 2 camas Â· 1 baÃ±o privado,Wifi Â· Aire acondicionado,24 dic. â€“ 26 dic.,"4,36", (14 evaluaciones),75 â‚¬,150â‚¬ en total
6581ffbe7d4586d80596ac52,HabitaciÃ³n privada,Dormitorio X 2 personas LOVE- AIR,Sant Pere-Santa Caterina i la Ribera,2 huÃ©spedes Â· 1 dormitorio Â· 2 camas Â· 1 baÃ±o privado,Wifi Â· Cocina,24 dic. â€“ 26 dic.,"4,2", (10 evaluaciones),53 â‚¬,106â‚¬ en total
6581ffbe7d4586d80596ac53,HabitaciÃ³n privada,comoda habitacion en el centro de barcelona,El Poble Sec,2 huÃ©spedes Â· 1 dormitorio Â· 1 cama Â· 1 baÃ±o compartido,Wifi Â· Lavadora,3 dic. â€“ 5 dic.,"4,68", (118 evaluaciones),54 â‚¬,108â‚¬ en total
6581ffbe7d4586d80596ac54,Alojamiento entero: piso,Central y encantador apartamento.,El Camp d'en Grassot i GrÃ cia Nova,6 huÃ©spedes Â· 2 dormitorios Â· 4 camas Â· 2 baÃ±os,Wifi Â· Cocina Â· Lavadora Â· Aire acondicionado,10 dic. â€“ 12 dic.,"4,49", (115 evaluaciones),122 â‚¬,243â‚¬ en total
6581ffbe7d4586d80596ac55,HabitaciÃ³n privada,Beautiful and sunny apartment at Eixample!,El Fort Pienc,2 huÃ©spedes Â· 1 dormitorio Â· 1 cama Â· 1 baÃ±o,Wifi Â· Cocina Â· Lavadora,17 dic. â€“ 19 dic.,NA,No hay evaluaciones,58 â‚¬,116â‚¬ en total
6581ffbe7d4586d80596ac56,HabitaciÃ³n privada,Room near the center,Distrito de Sants-MontjuÃ¯c,2 huÃ©spedes Â· 1 dormitorio Â· 1 cama Â· 1 baÃ±o,Wifi,17 dic. â€“ 19 dic.,"4,21", (185 evaluaciones),36 â‚¬,71â‚¬ en total
6581ffbe7d4586d80596ac57,Alojamiento entero: piso,Luminoso y coqueto Ã¡tico. - License HUTB-016889,L'Hospitalet de Llobregat,4 huÃ©spedes Â· 2 dormitorios Â· 4 camas Â· 1 baÃ±o,Tu anfitriÃ³n es una empresa Â· Wifi Â· Cocina Â· Aire acondicionado,26 nov. â€“ 28 nov.,"4,46", (216 evaluaciones),93 â‚¬,185â‚¬ en total
6581ffbe7d4586d80596ac58,HabitaciÃ³n privada,"Habitacion centro Barcelona, Ciutat Vella room.",Ciutat Vella,2 huÃ©spedes Â· 1 dormitorio Â· 1 cama Â· 1 baÃ±o compartido,Wifi Â· Cocina,17 dic. â€“ 19 dic.,"4,6", (25 evaluaciones),24 â‚¬,47â‚¬ en total
6581ffbe7d4586d80596ac59,HabitaciÃ³n privada,Agradable habitaciÃ³n en pleno centro de Barcelona,La Font de la Guatlla,"1 huÃ©sped Â· 1 dormitorio Â· 1 cama Â· 1,5 baÃ±os compartidos",Wifi Â· Cocina Â· Aire acondicionado,10 dic. â€“ 12 dic.,"4,57", (449 evaluaciones),29 â‚¬,57â‚¬ en total
6581ffbe7d4586d80596ac5a,HabitaciÃ³n privada,"Room in the city center (Gothic,Rambla,Catedral)",Ciutat Vella,1 huÃ©sped Â· 1 dormitorio Â· 1 cama Â· 1 baÃ±o compartido,Wifi Â· Cocina Â· Lavadora,24 dic. â€“ 26 dic.,"4,48", (120 evaluaciones),25 â‚¬,50â‚¬ en total
6581ffbe7d4586d80596ac5b,HabitaciÃ³n privada,Comfortable single room,Eixample,1 huÃ©sped Â· 1 dormitorio Â· 1 cama Â· 1 baÃ±o compartido,Wifi Â· Cocina,31 dic. â€“ 2 ene.,"4,57", (35 evaluaciones),37 â‚¬,73â‚¬ en total
6581ffbe7d4586d80596ac5c,Alojamiento entero: piso,Outstanding aparment &Amazing location :),Ciutat Vella,2 huÃ©spedes Â· 1 dormitorio Â· 1 cama Â· 1 baÃ±o,Wifi Â· Cocina Â· Aire acondicionado,17 dic. â€“ 19 dic.,"4,77", (35 evaluaciones),85 â‚¬,170â‚¬ en total
6581ffbe7d4586d80596ac5d,HabitaciÃ³n privada,HabitaciÃ³n en Gracia cerca del Park GÃ¼ell,El Camp d'en Grassot i GrÃ cia Nova,2 huÃ©spedes Â· 1 dormitorio Â· 2 camas Â· 1 baÃ±o compartido,Wifi Â· Cocina Â· Lavadora,10 dic. â€“ 12 dic.,"4,78", (201 evaluaciones),29 â‚¬,57â‚¬ en total
6581ffbe7d4586d80596ac5e,HabitaciÃ³n privada,HabitaciÃ³n doble con balcÃ³n panorÃ¡mico,Eixample,2 huÃ©spedes Â· 1 dormitorio Â· 1 cama Â· 1 baÃ±o compartido,Wifi,24 dic. â€“ 26 dic.,"4,55", (22 evaluaciones),42 â‚¬,83â‚¬ en total
6581ffbe7d4586d80596ac5f,HabitaciÃ³n privada,Habitacion interior con cama de dos plazas,L'Hospitalet de Llobregat,2 huÃ©spedes Â· 1 dormitorio Â· 1 cama Â· 1 baÃ±o compartido,Wifi Â· Cocina Â· Lavadora,17 dic. â€“ 19 dic.,"4,44", (232 evaluaciones),23 â‚¬,45â‚¬ en total
6581ffbe7d4586d80596ac60,HabitaciÃ³n de hotel boutique,Super Suite H4* Gracia Stay & Up n4,GrÃ cia,2 huÃ©spedes Â· 1 dormitorio Â· 1 cama Â· 1 baÃ±o privado,Wifi Â· Aire acondicionado,10 dic. â€“ 12 dic.,"4,74", (65 evaluaciones),70 â‚¬,139â‚¬ en total
6581ffbe7d4586d80596ac61,HabitaciÃ³n privada,Small room in the Heart of BARCELONA.,L'Antiga Esquerra de l'Eixample,1 huÃ©sped Â· 1 dormitorio Â· 1 cama Â· 1 baÃ±o compartido,Wifi,3 dic. â€“ 5 dic.,"4,4", (276 evaluaciones),30 â‚¬,59â‚¬ en total
6581ffbe7d4586d80596ac62,HabitaciÃ³n de hostal,HabitaciÃ³n Individual con baÃ±o compartido,Ciutat Vella,"1 huÃ©sped Â· 1 dormitorio Â· 1 cama Â· 1,5 baÃ±os compartidos",Wifi Â· Aire acondicionado,17 dic. â€“ 19 dic.,"4,73", (15 evaluaciones),44 â‚¬,88â‚¬ en total
6581ffbe7d4586d80596ac63,HabitaciÃ³n privada,Mundi,Ciutat Vella,"1 huÃ©sped Â· 1 dormitorio Â· 1 cama Â· 1,5 baÃ±os compartidos",Wifi Â· Cocina Â· Lavadora,24 dic. â€“ 26 dic.,"4,56", (146 evaluaciones),32 â‚¬,63â‚¬ en total
6581ffbe7d4586d80596ac64,HabitaciÃ³n privada,HabitaciÃ³n doble en Sagrada Familia,La Sagrada Familia,2 huÃ©spedes Â· 1 dormitorio Â· 1 cama Â· 2 baÃ±os compartidos,Wifi Â· Cocina Â· Lavadora,10 dic. â€“ 12 dic.,"4,33", (314 evaluaciones),33 â‚¬,66â‚¬ en total
6581ffbe7d4586d80596ac65,HabitaciÃ³n privada,Private Room with Private Bathroom in BCN Center,Sant Pere-Santa Caterina i la Ribera,2 huÃ©spedes Â· 1 dormitorio Â· 1 cama Â· 1 baÃ±o privado,Wifi Â· Cocina,17 dic. â€“ 19 dic.,"4,87", (30 evaluaciones),65 â‚¬,130â‚¬ en total
6581ffbe7d4586d80596ac66,HabitaciÃ³n privada,excelente room doble/TV/terraza plaza EspaÃ±a/sants,Eixample,2 huÃ©spedes Â· 1 dormitorio Â· 1 cama Â· 2 baÃ±os compartidos,Wifi Â· Cocina,3 dic. â€“ 5 dic.,"4,95", (208 evaluaciones),35 â‚¬,69â‚¬ en total
6581ffbe7d4586d80596ac67,HabitaciÃ³n privada,Comfortable single room 5' from Sants Station,Distrito de Sants-MontjuÃ¯c,1 huÃ©sped Â· 1 dormitorio Â· 1 cama Â· 1 baÃ±o compartido,Wifi,17 dic. â€“ 19 dic.,"4,88", (120 evaluaciones),39 â‚¬,77â‚¬ en total
6581ffbe7d4586d80596ac68,HabitaciÃ³n privada,HabitaciÃ³n Individual Barcelona,L'Hospitalet de Llobregat,1 huÃ©sped Â· 1 dormitorio Â· 1 cama Â· 1 baÃ±o,Wifi,17 dic. â€“ 19 dic.,"4,78", (259 evaluaciones),24 â‚¬,47â‚¬ en total
6581ffbe7d4586d80596ac69,HabitaciÃ³n privada,Vegan friendly apt - 300m to Sagrada FamÃ­lia,Eixample,2 huÃ©spedes Â· 1 dormitorio Â· 1 cama Â· 1 baÃ±o compartido,Wifi Â· Cocina Â· Lavadora Â· Aire acondicionado,17 dic. â€“ 19 dic.,"4,83", (85 evaluaciones),59 â‚¬,118â‚¬ en total
6581ffbe7d4586d80596ac6a,HabitaciÃ³n privada,Beautiful bedroom with balcony in best area,GrÃ cia,2 huÃ©spedes Â· 1 dormitorio Â· 1 cama Â· 1 baÃ±o compartido,Wifi Â· Cocina,17 dic. â€“ 19 dic.,"4,69", (36 evaluaciones),51 â‚¬,102â‚¬ en total
6581ffbe7d4586d80596ac6b,HabitaciÃ³n privada,Central Room,Sant Marti,"1 huÃ©sped Â· 1 dormitorio Â· 1 cama Â· 1,5 baÃ±os compartidos",Wifi Â· Cocina Â· Lavadora,24 dic. â€“ 26 dic.,"4,42", (101 evaluaciones),29 â‚¬,58â‚¬ en total
6581ffbe7d4586d80596ac6c,HabitaciÃ³n privada,Super Room (A),Ciutat Vella,2 huÃ©spedes Â· 1 dormitorio Â· 2 camas Â· 1 baÃ±o compartido,Wifi Â· Cocina,3 dic. â€“ 5 dic.,"4,56", (308 evaluaciones),42 â‚¬,83â‚¬ en total
6581ffbe7d4586d80596ac6d,HabitaciÃ³n privada,Espectacular habitaciÃ³n doble con balcÃ³n,Eixample,2 huÃ©spedes Â· 1 dormitorio Â· 1 cama Â· 2 baÃ±os compartidos,Wifi,10 dic. â€“ 12 dic.,"4,61", (18 evaluaciones),42 â‚¬,83â‚¬ en total
6581ffbe7d4586d80596ac6e,HabitaciÃ³n de hotel boutique,Super Suite H4* Gracia Stay & Up n2,GrÃ cia,2 huÃ©spedes Â· 1 dormitorio Â· 1 cama Â· 1 baÃ±o privado,Wifi Â· Aire acondicionado,10 dic. â€“ 12 dic.,"4,84", (55 evaluaciones),73 â‚¬,145â‚¬ en total
6581ffbe7d4586d80596ac6f,HabitaciÃ³n de hostal,"Hostal Nitzs BCN, Double Room w/ Shared Bathroom",Ciutat Vella,2 huÃ©spedes Â· 1 dormitorio Â· 1 cama Â· 1 baÃ±o compartido,Wifi,17 dic. â€“ 19 dic.,"4,33", (36 evaluaciones),49 â‚¬,98â‚¬ en total
6581ffbe7d4586d80596ac70,HabitaciÃ³n privada,"Cozy room, worthy of you !! ONLY FOR GIRLS",Les Corts,"1 huÃ©sped Â· 1 dormitorio Â· 1,5 baÃ±os compartidos",Wifi Â· Lavadora,31 dic. â€“ 2 ene.,"4,87", (47 evaluaciones),32 â‚¬,64â‚¬ en total
6581ffbe7d4586d80596ac71,HabitaciÃ³n,Cozy room 1â€™ to Las Ramblas,un apartamento con servicios,"2 huÃ©spedes Â· 1 dormitorio Â· 1 cama Â· 1,5 baÃ±os compartidos",Wifi Â· Cocina Â· Lavadora,10 dic. â€“ 12 dic.,"4,4", (25 evaluaciones),44 â‚¬,88â‚¬ en total
6581ffbe7d4586d80596ac72,HabitaciÃ³n privada,Quietpen PReÃ¯al. Kit,Ciutat Vella,"2 huÃ©spedes Â· 1 dormitorio Â· 1 cama Â· 1,5 baÃ±os",Wifi Â· Cocina Â· Lavadora Â· Aire acondicionado,17 dic. â€“ 19 dic.,"4,61", (771 evaluaciones),59 â‚¬,117â‚¬ en total
6581ffbe7d4586d80596ac73,HabitaciÃ³n privada,Barcelona's Heart,Ciutat Vella,2 huÃ©spedes Â· 1 dormitorio Â· 1 cama Â· 1 baÃ±o compartido,Wifi,3 dic. â€“ 5 dic.,"4,49", (261 evaluaciones),42 â‚¬,83â‚¬ en total
6581ffbe7d4586d80596ac74,HabitaciÃ³n privada,Huge and bright double room,GrÃ cia,2 huÃ©spedes Â· 1 dormitorio Â· 1 cama Â· 1 baÃ±o compartido,Wifi Â· Cocina,24 dic. â€“ 26 dic.,"4,61", (23 evaluaciones),51 â‚¬,102â‚¬ en total
6581ffbe7d4586d80596ac75,HabitaciÃ³n privada,Lovely and Cozy Bedroom Barcelona City Center,Sant Pere-Santa Caterina i la Ribera,1 huÃ©sped Â· 1 dormitorio Â· 1 cama Â· 1 baÃ±o compartido,Wifi Â· Cocina,24 dic. â€“ 26 dic.,"4,76", (75 evaluaciones),43 â‚¬,86â‚¬ en total
6581ffbe7d4586d80596ac76,HabitaciÃ³n privada,Charming Place hidden in the center of Barcelona,Ciutat Vella,2 huÃ©spedes Â· 1 dormitorio Â· 1 cama Â· 1 baÃ±o compartido,Wifi Â· Aire acondicionado,10 dic. â€“ 12 dic.,"4,93", (185 evaluaciones),66 â‚¬,132â‚¬ en total
6581ffbe7d4586d80596ac77,HabitaciÃ³n privada,Single Room in the heart of Barcelona,Ciutat Vella,1 huÃ©sped Â· 1 dormitorio Â· 1 baÃ±o compartido,Wifi Â· Cocina Â· Lavadora,17 dic. â€“ 19 dic.,5, (22 evaluaciones),57 â‚¬,114â‚¬ en total
6581ffbe7d4586d80596ac78,HabitaciÃ³n privada,Double room in Ramblas,Ciutat Vella,2 huÃ©spedes Â· 1 dormitorio Â· 1 cama Â· 1 baÃ±o compartido,Wifi,17 dic. â€“ 19 dic.,"4,38", (53 evaluaciones),44 â‚¬,88â‚¬ en total
6581ffbe7d4586d80596ac79,HabitaciÃ³n privada,Room with private bathroom 5â€™ to Las Ramblas,Ciutat Vella,2 huÃ©spedes Â· 1 dormitorio Â· 1 cama Â· 1 baÃ±o privado,Wifi Â· Cocina Â· Lavadora,24 dic. â€“ 26 dic.,"4,09", (140 evaluaciones),43 â‚¬,85â‚¬ en total
6581ffbe7d4586d80596ac7a,HabitaciÃ³n privada,NEW RENOVATED ROOM . SHARE APARMENT,Eixample,2 huÃ©spedes Â· 1 dormitorio Â· 1 cama Â· 2 baÃ±os compartidos,Wifi Â· Cocina Â· Lavadora,17 dic. â€“ 19 dic.,"4,43", (37 evaluaciones),48 â‚¬,95â‚¬ en total
6581ffbe7d4586d80596ac7b,HabitaciÃ³n privada,A cosy room 2mns to Picasso museum,Sant Pere-Santa Caterina i la Ribera,2 huÃ©spedes Â· 1 dormitorio Â· 1 cama Â· 1 baÃ±o compartido,Wifi Â· Cocina Â· Lavadora Â· Aire acondicionado,10 dic. â€“ 12 dic.,"4,9", (70 evaluaciones),49 â‚¬,97â‚¬ en total
6581ffbe7d4586d80596ac7c,HabitaciÃ³n privada,HabitaciÃ³n privada en Sagrada Familia âœ¨â¤ï¸,El Fort Pienc,1 huÃ©sped Â· 1 dormitorio Â· 1 cama Â· 1 baÃ±o compartido,Wifi,26 nov. â€“ 28 nov.,"4,83", (36 evaluaciones),49 â‚¬,97â‚¬ en total
6581ffbe7d4586d80596ac7d,HabitaciÃ³n privada,(1double room! Historic cente) IN RAMBLAS,Ciutat Vella,2 huÃ©spedes Â· 1 dormitorio Â· 2 camas Â· 1 baÃ±o compartido,Wifi Â· Cocina Â· Lavadora Â· Aire acondicionado,17 dic. â€“ 19 dic.,"4,55", (160 evaluaciones),53 â‚¬,106â‚¬ en total
6581ffbe7d4586d80596ac7e,HabitaciÃ³n privada,Airy Private Double Bedroom in Central Barcelona,El Poble Sec,"2 huÃ©spedes Â· 1 dormitorio Â· 1 cama Â· 1,5 baÃ±os compartidos",Wifi Â· Cocina Â· Lavadora,17 dic. â€“ 19 dic.,"4,76", (22 evaluaciones),42 â‚¬,84â‚¬ en total
6581ffbe7d4586d80596ac7f,HabitaciÃ³n privada,HabitaciÃ³n con terraza privada: RAVAL,Ciutat Vella,"2 huÃ©spedes Â· 1 dormitorio Â· 1 cama Â· 1,5 baÃ±os compartidos",Wifi Â· Cocina Â· Lavadora,17 dic. â€“ 19 dic.,"4,67", (507 evaluaciones),56 â‚¬,111â‚¬ en total
6581ffbe7d4586d80596ac80,HabitaciÃ³n privada,HabitaciÃ³n privada Sagrada Familia,La Sagrada Familia,"1 huÃ©sped Â· 1 dormitorio Â· 2,5 baÃ±os compartidos",17 dic. â€“ 19 dic.,"4,6",NA,No hay evaluaciones,36 â‚¬,71â‚¬ en total
6581ffbe7d4586d80596ac81,HabitaciÃ³n privada,habitacion doble cercana a las fuentes de Montjuic,El Poble Sec,"2 huÃ©spedes Â· 1 dormitorio Â· 1 cama Â· 1,5 baÃ±os compartidos",Wifi Â· Cocina Â· Lavadora Â· Aire acondicionado,24 dic. â€“ 26 dic.,"4,73", (15 evaluaciones),36 â‚¬,71â‚¬ en total
6581ffbe7d4586d80596ac82,HabitaciÃ³n privada,Amplia y cÃ³moda habitaciÃ³n doble con balcÃ³n,Eixample,2 huÃ©spedes Â· 1 dormitorio Â· 1 cama Â· 2 baÃ±os compartidos,Wifi,17 dic. â€“ 19 dic.,"4,52", (23 evaluaciones),42 â‚¬,83â‚¬ en total
6581ffbe7d4586d80596ac83,HabitaciÃ³n de hostal,"Hostal Nitzs BCN, Double Room w/ Private Bathroom",Ciutat Vella,2 huÃ©spedes Â· 1 dormitorio Â· 1 cama Â· 1 baÃ±o privado,Wifi Â· Cocina,17 dic. â€“ 19 dic.,"4,46", (13 evaluaciones),59 â‚¬,118â‚¬ en total
6581ffbe7d4586d80596ac84,HabitaciÃ³n privada,PequeÃ±aâ™¡adorable habitaciÃ³n BCN,La Sagrada Familia,1 huÃ©sped Â· 1 dormitorio Â· 1 cama Â· 1 baÃ±o compartido,Wifi,31 dic. â€“ 2 ene.,"4,42", (630 evaluaciones),29 â‚¬,57â‚¬ en total
6581ffbe7d4586d80596ac85,HabitaciÃ³n privada,Villa Gil 2,El Fort Pienc,1 huÃ©sped Â· 1 dormitorio Â· 1 cama Â· 1 baÃ±o compartido,Wifi,26 nov. â€“ 28 nov.,"4,59", (32 evaluaciones),35 â‚¬,69â‚¬ en total
6581ffbe7d4586d80596ac86,HabitaciÃ³n privada,Chill-out Room in the heart of Barcelona,Ciutat Vella,"1 huÃ©sped Â· 1 dormitorio Â· 1 cama Â· 1,5 baÃ±os compartidos",Wifi,10 dic. â€“ 12 dic.,"4,74", (19 evaluaciones),38 â‚¬,76â‚¬ en total
6581ffbe7d4586d80596ac87,Alojamiento entero: loft,Classical loft close to pedrera!,Eixample,4 huÃ©spedes Â· 1 dormitorio Â· 1 cama Â· 1 baÃ±o,Wifi Â· Cocina Â· Lavadora Â· Aire acondicionado,10 dic. â€“ 12 dic.,"4,34", (193 evaluaciones),94 â‚¬,187â‚¬ en total
6581ffbe7d4586d80596ac88,HabitaciÃ³n de hotel,"HabitaciÃ³n Doble, en el corazÃ³n de Barcelona",Ciutat Vella,2 huÃ©spedes Â· 1 dormitorio Â· 1 cama Â· 1 baÃ±o privado,Wifi Â· Aire acondicionado,17 dic. â€“ 19 dic.,"4,14", (29 evaluaciones),69 â‚¬,138â‚¬ en total
6581ffbe7d4586d80596ac89,HabitaciÃ³n privada,Centric Double Room Private Bathroom,L'Antiga Esquerra de l'Eixample,2 huÃ©spedes Â· 1 dormitorio Â· 1 cama Â· 2 baÃ±os,Wifi Â· Cocina Â· Lavadora,17 dic. â€“ 19 dic.,"4,76", (108 evaluaciones),51 â‚¬,102â‚¬ en total
6581ffbe7d4586d80596ac8a,HabitaciÃ³n privada,Ile 2,Distrito de Horta-GuinardÃ³,1 huÃ©sped Â· 1 dormitorio Â· 1 baÃ±o compartido,Wifi Â· Cocina Â· Aire acondicionado,10 dic. â€“ 12 dic.,"4,74", (39 evaluaciones),30 â‚¬,59â‚¬ en total
6581ffbe7d4586d80596ac8b,HabitaciÃ³n de hotel boutique,"Hostal Khronos, Double Room with Balcony",Eixample,2 huÃ©spedes Â· 1 dormitorio Â· 1 cama Â· 1 baÃ±o privado,Wifi Â· Aire acondicionado,17 dic. â€“ 19 dic.,"4,55", (64 evaluaciones),77 â‚¬,153â‚¬ en total
6581ffbe7d4586d80596ac8c,HabitaciÃ³n privada,"Bonitas vistas en el centro ,",Distrito de Sants-MontjuÃ¯c,2 huÃ©spedes Â· 1 dormitorio Â· 1 baÃ±o compartido,Wifi,17 dic. â€“ 19 dic.,"4,79", (19 evaluaciones),30 â‚¬,60â‚¬ en total
6581ffbe7d4586d80596ac8d,Alojamiento entero: piso,Apto. cÃ©ntrico ideal para parejas,Distrito de Sants-MontjuÃ¯c,"2 huÃ©spedes Â· 1 dormitorio Â· 1 cama Â· 1,5 baÃ±os",Wifi Â· Cocina Â· Lavadora Â· Aire acondicionado,26 nov. â€“ 28 nov.,"4,52", (308 evaluaciones),71 â‚¬,141â‚¬ en total
6581ffbe7d4586d80596ac8e,HabitaciÃ³n privada,Spacious Cosy room & Private balcony and bathroom,Eixample,2 huÃ©spedes Â· 1 dormitorio Â· 1 cama Â· 1 baÃ±o privado,Wifi Â· Aire acondicionado,10 dic. â€“ 12 dic.,5, (3 evaluaciones),53 â‚¬,105â‚¬ en total
6581ffbe7d4586d80596ac8f,HabitaciÃ³n privada,Bonito piso en Barcelona!,Eixample,"2 huÃ©spedes Â· 1 dormitorio Â· 1 cama Â· 1,5 baÃ±os compartidos",Wifi Â· Cocina,10 dic. â€“ 12 dic.,"4,87", (15 evaluaciones),51 â‚¬,102â‚¬ en total
6581ffbe7d4586d80596ac90,HabitaciÃ³n privada,Single Room In La Barceloneta For a Female Guest,Ciutat Vella,1 huÃ©sped Â· 1 dormitorio Â· 1 cama Â· 1 baÃ±o compartido,Wifi Â· Cocina Â· Lavadora Â· Aire acondicionado,17 dic. â€“ 19 dic.,"4,45", (31 evaluaciones),26 â‚¬,52â‚¬ en total
6581ffbe7d4586d80596ac91,HabitaciÃ³n de hotel,Hola Hostal Eixample. Cama en dormitorio 24pax,Eixample,1 huÃ©sped Â· 1 dormitorio,Wifi Â· Cocina Â· Lavadora Â· Aire acondicionado,19 nov. â€“ 21 nov.,"4,43", (702 evaluaciones),19 â‚¬,38â‚¬ en total
6581ffbe7d4586d80596ac92,Alojamiento entero: piso,Double bed Studio next to the beach La Barceloneta,Ciutat Vella,2 huÃ©spedes Â· 1 dormitorio Â· 1 cama Â· 1 baÃ±o,Wifi Â· Cocina Â· Lavadora Â· Aire acondicionado,24 dic. â€“ 26 dic.,NA,No hay evaluaciones,94 â‚¬,187â‚¬ en total
6581ffbe7d4586d80596ac93,HabitaciÃ³n privada,Nice room with private bathroom in center,Ciutat Vella,2 huÃ©spedes Â· 1 dormitorio Â· 1 cama Â· 1 baÃ±o privado,Wifi Â· Cocina Â· Lavadora,10 dic. â€“ 12 dic.,"4,59", (22 evaluaciones),58 â‚¬,116â‚¬ en total
6581ffbe7d4586d80596ac94,Alojamiento entero: piso,Impresionante apartamento en la playa,Sant Marti,4 huÃ©spedes Â· 1 dormitorio Â· 2 camas Â· 1 baÃ±o,Wifi Â· Cocina Â· Lavadora Â· Aire acondicionado,17 dic. â€“ 19 dic.,"4,71", (360 evaluaciones),93 â‚¬,185â‚¬ en total
6581ffbe7d4586d80596ac95,HabitaciÃ³n privada,Cozy room in the heart of BARCELONA,GrÃ cia,2 huÃ©spedes Â· 1 dormitorio Â· 2 camas Â· 1 baÃ±o compartido,Wifi,26 nov. â€“ 28 nov.,"4,77", (74 evaluaciones),55 â‚¬,109â‚¬ en total
6581ffbe7d4586d80596ac96,HabitaciÃ³n privada,Lovely doble room in the center of BCN,Eixample,"2 huÃ©spedes Â· 1 dormitorio Â· 1 cama Â· 1,5 baÃ±os compartidos",Wifi,10 dic. â€“ 12 dic.,"4,3", (88 evaluaciones),33 â‚¬,66â‚¬ en total
6581ffbe7d4586d80596ac97,HabitaciÃ³n privada,åœ£å®¶å ‚é™„è¿‘å•äººé—´,Eixample,"1 huÃ©sped Â· 1 dormitorio Â· 1,5 baÃ±os compartidos",Wifi Â· Lavadora,31 dic. â€“ 2 ene.,"4,86", (7 evaluaciones),26 â‚¬,51â‚¬ en total
6581ffbe7d4586d80596ac98,HabitaciÃ³n privada,confortable room,Distrito de Sants-MontjuÃ¯c,2 huÃ©spedes Â· 1 dormitorio Â· 1 cama Â· 1 baÃ±o compartido,Wifi Â· Cocina Â· Lavadora,17 dic. â€“ 19 dic.,"4,47", (34 evaluaciones),36 â‚¬,71â‚¬ en total
6581ffbe7d4586d80596ac99,Alojamiento entero: piso,NEW APARMENT PERFECT LOCATION,Ciutat Vella,2 huÃ©spedes Â· Estudio Â· 1 cama Â· 1 baÃ±o,Wifi Â· Cocina Â· Lavadora Â· Aire acondicionado,19 nov. â€“ 21 nov.,"4,69", (260 evaluaciones),115 â‚¬,229â‚¬ en total
6581ffbe7d4586d80596ac9a,HabitaciÃ³n privada,SINGLE private bedroom,Sant Marti,1 huÃ©sped Â· 1 dormitorio Â· 1 cama Â· 1 baÃ±o compartido,Wifi Â· Cocina,17 dic. â€“ 19 dic.,"4,81", (21 evaluaciones),24 â‚¬,47â‚¬ en total
6581ffbe7d4586d80596ac9b,HabitaciÃ³n privada,Mihlton B&B HabitaciÃ³n individual baÃ±o privado,Eixample,1 huÃ©sped Â· 1 dormitorio Â· 1 cama Â· 1 baÃ±o privado,Wifi Â· Aire acondicionado,17 dic. â€“ 19 dic.,"4,67", (21 evaluaciones),59 â‚¬,118â‚¬ en total
6581ffbe7d4586d80596ac9c,HabitaciÃ³n privada,Central Single Room Near Plaza Catalunya,Ciutat Vella,1 huÃ©sped Â· 1 dormitorio Â· 1 cama Â· 1 baÃ±o compartido,Wifi Â· Cocina Â· Lavadora,24 dic. â€“ 26 dic.,"4,8", (106 evaluaciones),48 â‚¬,95â‚¬ en total
6581ffbe7d4586d80596ac9d,HabitaciÃ³n privada,HabitaciÃ³n privada en el Born,Sant Pere-Santa Caterina i la Ribera,2 huÃ©spedes Â· 1 dormitorio Â· 1 cama Â· 1 baÃ±o compartido,Wifi Â· Cocina,10 dic. â€“ 12 dic.,"4,5", (95 evaluaciones),52 â‚¬,104â‚¬ en total
6581ffbe7d4586d80596ac9e,Alojamiento entero: loft,PRIVATE LOFT IN THE BORNE,Sant Pere-Santa Caterina i la Ribera,"2 huÃ©spedes Â· Estudio Â· 2 camas Â· 1,5 baÃ±os",Wifi Â· Cocina Â· Lavadora Â· Aire acondicionado,10 dic. â€“ 12 dic.,5, (10 evaluaciones),95 â‚¬,189â‚¬ en total
6581ffbe7d4586d80596ac9f,HabitaciÃ³n privada,HabitaciÃ³n doble Barcelona Centro,Ciutat Vella,2 huÃ©spedes Â· 1 dormitorio Â· 1 cama Â· 1 baÃ±o,Wifi Â· Cocina Â· Lavadora,17 dic. â€“ 19 dic.,"4,5", (52 evaluaciones),44 â‚¬,88â‚¬ en total
6581ffbe7d4586d80596aca0,HabitaciÃ³n privada,Room Sagrada Familia + Rooftop,Eixample,2 huÃ©spedes Â· 1 dormitorio Â· 1 cama Â· 1 baÃ±o compartido,Wifi Â· Cocina Â· Lavadora,10 dic. â€“ 12 dic.,"4,65", (21 evaluaciones),51 â‚¬,101â‚¬ en total
6581ffbe7d4586d80596aca1,HabitaciÃ³n de hostal,HabitaciÃ³n Doble con baÃ±o privado externo- 1 cama,Ciutat Vella,"2 huÃ©spedes Â· 1 dormitorio Â· 1 cama Â· 1,5 baÃ±os",Wifi Â· Aire acondicionado,17 dic. â€“ 19 dic.,NA,No hay evaluaciones,65 â‚¬,130â‚¬ en total
6581ffbe7d4586d80596aca2,HabitaciÃ³n privada,Quietpen PReÃ¯al. Rooftop,Ciutat Vella,2 huÃ©spedes Â· 1 dormitorio Â· 1 cama Â· 1 baÃ±o privado,Wifi Â· Cocina Â· Lavadora Â· Aire acondicionado,17 dic. â€“ 19 dic.,"4,62", (617 evaluaciones),63 â‚¬,125â‚¬ en total
6581ffbe7d4586d80596aca3,HabitaciÃ³n privada,Private Double Bedroom in Central Barcelona,El Poble Sec,"2 huÃ©spedes Â· 1 dormitorio Â· 1 cama Â· 1,5 baÃ±os compartidos",Wifi Â· Cocina Â· Lavadora,17 dic. â€“ 19 dic.,5, (27 evaluaciones),54 â‚¬,107â‚¬ en total
6581ffbe7d4586d80596aca4,HabitaciÃ³n privada,Beach modern spacious room Queen bed in Poblenou,Sant Marti,2 huÃ©spedes Â· 1 dormitorio Â· 1 cama Â· 1 baÃ±o compartido,Wifi Â· Cocina Â· Lavadora Â· Aire acondicionado,17 dic. â€“ 19 dic.,5, (12 evaluaciones),53 â‚¬,106â‚¬ en total
6581ffbe7d4586d80596aca5,HabitaciÃ³n privada,Room with big bed,Ciutat Vella,2 huÃ©spedes Â· 1 dormitorio Â· 1 cama Â· 1 baÃ±o compartido,Wifi Â· Cocina Â· Aire acondicionado,26 nov. â€“ 28 nov.,"4,56", (117 evaluaciones),40 â‚¬,79â‚¬ en total
6581ffbe7d4586d80596aca6,Alojamiento entero: alojamiento residencial,Ameno Atico: cerca de la playa pero cÃ©ntrico,Sant Marti,3 huÃ©spedes Â· 1 dormitorio Â· 4 camas Â· 1 baÃ±o,Wifi Â· Cocina Â· Lavadora Â· Aire acondicionado,17 dic. â€“ 19 dic.,"4,74", (260 evaluaciones),119 â‚¬,238â‚¬ en total
6581ffbe7d4586d80596aca7,HabitaciÃ³n privada,Ile1,Distrito de Horta-GuinardÃ³,1 huÃ©sped Â· 1 dormitorio Â· 1 cama Â· 1 baÃ±o compartido,Wifi Â· Cocina Â· Aire acondicionado,3 dic. â€“ 5 dic.,"4,45", (40 evaluaciones),32 â‚¬,64â‚¬ en total
6581ffbe7d4586d80596aca8,Alojamiento entero: loft,Cozy Studio Loft close to Metro and Camp Nou,L'Hospitalet de Llobregat,3 huÃ©spedes Â· 1 dormitorio Â· 1 cama Â· 1 baÃ±o,Wifi Â· Cocina Â· Lavadora Â· Aire acondicionado,26 nov. â€“ 28 nov.,"4,67", (150 evaluaciones),68 â‚¬,135â‚¬ en total
6581ffbe7d4586d80596aca9,HabitaciÃ³n privada,Gorgeous room with balcony in the city center,Ciutat Vella,2 huÃ©spedes Â· 1 dormitorio Â· 1 cama Â· 1 baÃ±o compartido,Wifi Â· Cocina Â· Lavadora Â· Aire acondicionado,3 dic. â€“ 5 dic.,"4,8", (199 evaluaciones),64 â‚¬,127â‚¬ en total
6581ffbe7d4586d80596acaa,HabitaciÃ³n privada,Nice Flat at Barcelona,Ciutat Vella,"1 huÃ©sped Â· 1 dormitorio Â· 1,5 baÃ±os compartidos",Wifi Â· Cocina Â· Lavadora Â· Aire acondicionado,19 nov. â€“ 21 nov.,"4,25", (72 evaluaciones),36 â‚¬,71â‚¬ en total
6581ffbe7d4586d80596acab,HabitaciÃ³n privada,casa DERY Barcelona,Ciutat Vella,2 huÃ©spedes Â· 1 dormitorio Â· 1 cama Â· 1 baÃ±o compartido,Wifi Â· Cocina Â· Lavadora,17 dic. â€“ 19 dic.,"4,38", (13 evaluaciones),28 â‚¬,55â‚¬ en total
6581ffbe7d4586d80596acac,HabitaciÃ³n privada,HabitaciÃ³n individual a 15' del centro,Distrito de Horta-GuinardÃ³,1 huÃ©sped Â· 1 dormitorio Â· 1 cama Â· 1 baÃ±o privado,Wifi Â· Cocina Â· Lavadora Â· Aire acondicionado,12 nov. â€“ 14 nov.,"4,95", (116 evaluaciones),42 â‚¬,83â‚¬ en total
6581ffbe7d4586d80596acad,HabitaciÃ³n privada,"El Faro, Habitacion privada 1",Distrito de Horta-GuinardÃ³,2 huÃ©spedes Â· 1 dormitorio Â· 1 cama Â· 1 baÃ±o compartido,Wifi Â· Cocina Â· Lavadora,31 dic. â€“ 2 ene.,"4,56", (61 evaluaciones),42 â‚¬,83â‚¬ en total
6581ffbe7d4586d80596acae,HabitaciÃ³n privada,Spacious room with natural light and privacy,Ciutat Vella,"2 huÃ©spedes Â· 1 dormitorio Â· 2 camas Â· 1,5 baÃ±os compartidos",Wifi Â· Cocina Â· Lavadora,26 nov. â€“ 28 nov.,"4,64", (14 evaluaciones),56 â‚¬,112â‚¬ en total
6581ffbe7d4586d80596acaf,HabitaciÃ³n de hotel boutique,Double Room Gallery extra bed,Eixample,2 huÃ©spedes Â· 1 dormitorio Â· 2 camas Â· 1 baÃ±o,Wifi Â· Aire acondicionado,17 dic. â€“ 19 dic.,"4,29", (7 evaluaciones),80 â‚¬,160â‚¬ en total
6581ffbe7d4586d80596acb0,HabitaciÃ³n privada,Hab X 2 :) Hospital Sant Pau y Sagrada Familia,Sant Marti,2 huÃ©spedes Â· 1 dormitorio Â· 1 cama Â· 1 baÃ±o compartido,Wifi Â· Cocina,10 dic. â€“ 12 dic.,"4,59", (98 evaluaciones),45 â‚¬,89â‚¬ en total
6581ffbe7d4586d80596acb1,HabitaciÃ³n de hostal,HabitaciÃ³n Doble con baÃ±o compartido - 2 camas,Ciutat Vella,"2 huÃ©spedes Â· 1 dormitorio Â· 2 camas Â· 1,5 baÃ±os compartidos",Wifi Â· Aire acondicionado,10 dic. â€“ 12 dic.,"4,86", (7 evaluaciones),58 â‚¬,116â‚¬ en total
6581ffbe7d4586d80596acb2,HabitaciÃ³n privada,Room to rent in central Barcelona near la rambla,Ciutat Vella,2 huÃ©spedes Â· 1 dormitorio Â· 1 baÃ±o privado,Wifi Â· Cocina Â· Lavadora,17 dic. â€“ 19 dic.,5, (3 evaluaciones),64 â‚¬,127â‚¬ en total
6581ffbe7d4586d80596acb3,Alojamiento entero: piso,CAMP NOU VACACIONES APARTAMENT 3 ROOMS WI-FI FREE,L'Hospitalet de Llobregat,4 huÃ©spedes Â· 3 dormitorios Â· 4 camas Â· 1 baÃ±o,Wifi Â· Cocina Â· Lavadora Â· Aire acondicionado,10 dic. â€“ 12 dic.,"4,57", (196 evaluaciones),81 â‚¬,162â‚¬ en total
6581ffbe7d4586d80596acb4,HabitaciÃ³n privada,HabitaciÃ³n en pleno centro de barcelona,Les Corts,1 huÃ©sped Â· 1 dormitorio Â· 1 cama Â· 1 baÃ±o compartido,Wifi Â· Cocina,31 dic. â€“ 2 ene.,"4,75", (16 evaluaciones),43 â‚¬,85â‚¬ en total
6581ffbe7d4586d80596acb5,Alojamiento entero: piso,Precioso Estudio en Barcelona *Bcn* E04,Eixample,3 huÃ©spedes Â· 1 dormitorio Â· 1 cama Â· 1 baÃ±o,Tu anfitriÃ³n es una empresa Â· Wifi Â· Cocina Â· Lavadora,10 dic. â€“ 12 dic.,"4,62", (63 evaluaciones),103 â‚¬,206â‚¬ en total
6581ffbe7d4586d80596acb6,HabitaciÃ³n privada,Habitacion sensilla confortable en casa familiar,Sant Marti,1 huÃ©sped Â· 1 dormitorio Â· 1 cama Â· 1 baÃ±o,Wifi,3 dic. â€“ 5 dic.,"4,73", (198 evaluaciones),31 â‚¬,62â‚¬ en total
6581ffbe7d4586d80596acb7,HabitaciÃ³n privada,Precioso apartamento cerca de Sagrada Familia,Sant Marti,2 huÃ©spedes Â· 1 dormitorio Â· 1 cama Â· 1 baÃ±o compartido,Wifi Â· Cocina Â· Lavadora,3 dic. â€“ 5 dic.,NA,No hay evaluaciones,41 â‚¬,81â‚¬ en total
6581ffbe7d4586d80596acb8,HabitaciÃ³n privada,HabitaciÃ³n dobe con terraza en el Gracia,GrÃ cia,2 huÃ©spedes Â· 1 dormitorio Â· 1 cama Â· 1 baÃ±o compartido,Wifi Â· Aire acondicionado,24 dic. â€“ 26 dic.,"4,17", (153 evaluaciones),39 â‚¬,77â‚¬ en total
6581ffbe7d4586d80596acb9,HabitaciÃ³n privada,Design Catalan Room El Born for 2 Persons,Sant Pere-Santa Caterina i la Ribera,2 huÃ©spedes Â· 1 dormitorio Â· 1 cama Â· 1 baÃ±o compartido,Wifi Â· Cocina Â· Lavadora,10 dic. â€“ 12 dic.,"4,79", (29 evaluaciones),63 â‚¬,125â‚¬ en total
